{
  "r_squared": 0.2177558035351447,
  "p_value": 6.2739505540942e-31,
  "slope": -0.29064166390015544,
  "n": 547
}